0,1.5708,0,9,0,0
0.09,1.5708,1.48795e-20,9,1.64435e-17,4.46685e-18
0.18,1.5708,1.19217e-19,9,3.23502e-17,1.79036e-17
0.27,1.5708,4.03194e-19,9,4.7179e-17,4.04192e-17
0.36,1.5708,9.5845e-19,9,6.03802e-17,7.2196e-17
0.45,1.5708,1.87882e-18,9,7.13907e-17,1.13492e-16
0.54,1.5708,3.26111e-18,9,7.96297e-17,1.64641e-16
0.63,1.5708,5.20585e-18,9,8.4494e-17,2.26059e-16
0.72,1.5708,7.81815e-18,9,8.5353e-17,2.98242e-16
0.81,1.5708,1.12085e-17,9,8.15436e-17,3.81777e-16
0.9,1.5708,1.54937e-17,9,7.23648e-17,4.7734e-16
0.99,1.5708,2.07979e-17,9,5.70724e-17,5.85705e-16
1.08,1.5708,2.72534e-17,9,3.48722e-17,7.07752e-16
1.17,1.5708,3.50018e-17,9,4.91442e-18,8.44469e-16
1.26,1.5708,4.41954e-17,9,-3.37139e-17,9.96964e-16
1.35,1.5708,5.49978e-17,9,-8.19959e-17,1.16647e-15
1.44,1.5708,6.75861e-17,9,-1.40993e-16,1.35437e-15
1.53,1.5708,8.21516e-17,9,-2.11853e-16,1.56218e-15
1.62,1.5708,9.89017e-17,9,-2.95821e-16,1.79159e-15
1.71,1.5708,1.18062e-16,9,-3.94247e-16,2.04445e-15
1.8,1.5708,1.39876e-16,9,-5.08599e-16,2.32282e-15
1.89,1.5708,1.6461e-16,9,-6.40474e-16,2.62894e-15
1.98,1.5708,1.92555e-16,9,-7.91612e-16,2.96531e-15
2.07,1.5708,2.24026e-16,9,-9.63906e-16,3.33465e-15
2.16,1.5708,2.59368e-16,9,-1.15942e-15,3.73995e-15
2.25,1.5708,2.98956e-16,9,-1.38042e-15,4.1845e-15
2.34,1.5708,3.43201e-16,9,-1.62935e-15,4.6719e-15
2.43,1.5708,3.9255e-16,9,-1.90892e-15,5.2061e-15
2.52,1.5708,4.47493e-16,9,-2.22204e-15,5.79144e-15
2.61,1.5708,5.08565e-16,9,-2.57194e-15,6.43265e-15
2.7,1.5708,5.7635e-16,9,-2.96212e-15,7.13493e-15
2.79,1.5708,6.51486e-16,9,-3.3964e-15,7.90398e-15
2.88,1.5708,7.34672e-16,9,-3.87899e-15,8.74603e-15
2.97,1.5708,8.26673e-16,9,-4.41445e-15,9.6679e-15
3.06,1.5708,9.28321e-16,9,-5.00781e-15,1.06771e-14
3.15,1.5708,1.04053e-15,9,-5.66455e-15,1.17817e-14
3.24,1.5708,1.1643e-15,9,-6.39064e-15,1.29908e-14
3.33,1.5708,1.30073e-15,9,-7.19266e-15,1.43141e-14
3.42,1.5708,1.451e-15,9,-8.07776e-15,1.57623e-14
3.51,1.5708,1.61643e-15,9,-9.05381e-15,1.73473e-14
3.6,1.5708,1.79845e-15,9,-1.01294e-14,1.90818e-14
3.69,1.5708,1.99861e-15,9,-1.13138e-14,2.09799e-14
3.78,1.5708,2.21864e-15,9,-1.26075e-14,2.3057e-14
3.87,1.5708,2.46048e-15,9,-1.39721e-14,2.53515e-14
3.96,1.5708,2.72657e-15,9,-1.54222e-14,2.79144e-14
4.05,1.5708,3.01985e-15,9,-1.69755e-14,3.07989e-14
4.14,1.5708,3.34382e-15,9,-1.86529e-14,3.40608e-14
4.23,1.5708,3.70253e-15,9,-2.04789e-14,3.77588e-14
4.32,1.5708,4.10066e-15,9,-2.24815e-14,4.19555e-14
4.41,1.5708,4.54356e-15,9,-2.46527e-14,4.67279e-14
4.5,1.5708,5.0374e-15,9,-2.70696e-14,5.21579e-14
4.59,1.5708,5.58915e-15,9,-2.97741e-14,5.8322e-14
4.68,1.5708,6.20655e-15,9,-3.28125e-14,6.53025e-14
4.77,1.5708,6.89821e-15,9,-3.62265e-14,7.31885e-14
4.86,1.5708,7.67373e-15,9,-4.00237e-14,8.20977e-14
4.95,1.5708,8.54403e-15,9,-4.42697e-14,9.21672e-14
5.04,1.5708,9.52143e-15,9,-4.90385e-14,1.03543e-13
5.13,1.5708,1.06198e-14,9,-5.4413e-14,1.16383e-13
5.22,1.5708,1.18545e-14,9,-6.04761e-14,1.30856e-13
5.31,1.5708,1.3243e-14,9,-6.72816e-14,1.47165e-13
5.4,1.5708,1.48047e-14,9,-7.49069e-14,1.6555e-13
5.49,1.5708,1.65618e-14,9,-8.35141e-14,1.86269e-13
5.58,1.5708,1.85389e-14,9,-9.32017e-14,2.09608e-13
5.67,1.5708,2.07637e-14,9,-1.04136e-13,2.35886e-13
5.76,1.5708,2.32675e-14,9,-1.16495e-13,2.65445e-13
5.85,1.5708,2.60849e-14,9,-1.30385e-13,2.98688e-13
5.94,1.5708,2.92551e-14,9,-1.46032e-13,3.36077e-13
6.03,1.5708,3.28219e-14,9,-1.6369e-13,3.78111e-13
6.12,1.5708,3.68347e-14,9,-1.83553e-13,4.25357e-13
6.21,1.5708,4.13486e-14,9,-2.05933e-13,4.78456e-13
6.3,1.5708,4.64257e-14,9,-2.31104e-13,5.38132e-13
6.39,1.5708,5.21358e-14,9,-2.59443e-13,6.05196e-13
6.48,1.5708,5.85572e-14,9,-2.9136e-13,6.8055e-13
6.57,1.5708,6.57777e-14,9,-3.27292e-13,7.65197e-13
6.66,1.5708,7.38959e-14,9,-3.67731e-13,8.60272e-13
6.75,1.5708,8.30222e-14,9,-4.132e-13,9.67059e-13
6.84,1.5708,9.32809e-14,9,-4.64324e-13,1.08701e-12
6.93,1.5708,1.04811e-13,9,-5.21821e-13,1.22173e-12
7.02,1.5708,1.17771e-13,9,-5.8648e-13,1.37305e-12
7.11,1.5708,1.32335e-13,9,-6.59178e-13,1.543e-12
7.2,1.5708,1.487e-13,9,-7.4089e-13,1.73386e-12
7.29,1.5708,1.6709e-13,9,-8.32775e-13,1.94821e-12
7.38,1.5708,1.87752e-13,9,-9.36069e-13,2.1889e-12
7.47,1.5708,2.10967e-13,9,-1.05215e-12,2.45919e-12
7.56,1.5708,2.37047e-13,9,-1.18255e-12,2.7627e-12
7.65,1.5708,2.66345e-13,9,-1.32908e-12,3.10355e-12
7.74,1.5708,2.99257e-13,9,-1.49372e-12,3.4863e-12
7.83,1.5708,3.36228e-13,9,-1.67871e-12,3.91612e-12
7.92,1.5708,3.77756e-13,9,-1.88653e-12,4.39878e-12
8.01,1.5708,4.24401e-13,9,-2.11998e-12,4.94078e-12
8.1,1.5708,4.76793e-13,9,-2.38217e-12,5.54943e-12
8.19,1.5708,5.35639e-13,9,-2.67666e-12,6.23296e-12
8.28,1.5708,6.01732e-13,9,-3.00739e-12,7.00057e-12
8.37,1.5708,6.75965e-13,9,-3.37881e-12,7.86266e-12
8.46,1.5708,7.59339e-13,9,-3.79593e-12,8.83088e-12
8.55,1.5708,8.5298e-13,9,-4.26444e-12,9.91831e-12
8.64,1.5708,9.58151e-13,9,-4.79059e-12,1.11396e-11
8.73,1.5708,1.07627e-12,9,-5.38149e-12,1.25113e-11
8.82,1.5708,1.20894e-12,9,-6.04511e-12,1.40519e-11
8.91,1.5708,1.35794e-12,9,-6.79041e-12,1.57823e-11
9,1.5708,1.5253e-12,9,-7.62741e-12,1.77259e-11
9.09,1.5708,1.71326e-12,9,-8.56747e-12,1.99089e-11
9.18,1.5708,1.92437e-12,9,-9.62329e-12,2.23608e-11
9.27,1.5708,2.16148e-12,9,-1.08091e-11,2.51148e-11
9.36,1.5708,2.4278e-12,9,-1.21409e-11,2.82081e-11
9.45,1.5708,2.72691e-12,9,-1.36367e-11,3.16825e-11
9.54,1.5708,3.06287e-12,9,-1.53167e-11,3.5585e-11
9.63,1.5708,3.44021e-12,9,-1.72036e-11,3.99684e-11
9.72,1.5708,3.86404e-12,9,-1.93229e-11,4.48918e-11
9.81,1.5708,4.34007e-12,9,-2.17033e-11,5.04218e-11
9.9,1.5708,4.87474e-12,9,-2.43767e-11,5.66332e-11
9.99,1.5708,5.47528e-12,9,-2.73795e-11,6.36099e-11
10.08,1.5708,6.1498e-12,9,-3.07522e-11,7.14463e-11
10.17,1.5708,6.90742e-12,9,-3.45404e-11,8.02483e-11
10.26,1.5708,7.75838e-12,9,-3.87952e-11,9.01348e-11
10.35,1.5708,8.71417e-12,9,-4.35741e-11,1.0124e-10
10.44,1.5708,9.78773e-12,9,-4.89417e-11,1.13713e-10
10.53,1.5708,1.09935e-11,9,-5.49707e-11,1.27722e-10
10.62,1.5708,1.23479e-11,9,-6.17424e-11,1.43459e-10
10.71,1.5708,1.38692e-11,9,-6.93485e-11,1.61134e-10
10.8,1.5708,1.55779e-11,9,-7.78917e-11,1.80987e-10
10.89,1.5708,1.74971e-11,9,-8.74875e-11,2.03286e-10
10.98,1.5708,1.96527e-11,9,-9.82656e-11,2.28333e-10
11.07,1.5708,2.2074e-11,9,-1.10372e-10,2.56466e-10
11.16,1.5708,2.47936e-11,9,-1.23969e-10,2.88065e-10
11.25,1.5708,2.78482e-11,9,-1.39242e-10,3.23557e-10
11.34,1.5708,3.12793e-11,9,-1.56397e-10,3.63423e-10
11.43,1.5708,3.51331e-11,9,-1.75666e-10,4.08201e-10
11.52,1.5708,3.94617e-11,9,-1.97308e-10,4.58495e-10
11.61,1.5708,4.43236e-11,9,-2.21618e-10,5.14987e-10
11.7,1.5708,4.97846e-11,9,-2.48922e-10,5.78438e-10
11.79,1.5708,5.59184e-11,9,-2.79591e-10,6.49708e-10
11.88,1.5708,6.2808e-11,9,-3.14039e-10,7.29759e-10
11.97,1.5708,7.05464e-11,9,-3.52731e-10,8.19672e-10
12.06,1.5708,7.92383e-11,9,-3.9619e-10,9.20664e-10
12.15,1.5708,8.90011e-11,9,-4.45004e-10,1.0341e-09
12.24,1.5708,9.99668e-11,9,-4.99832e-10,1.16151e-09
12.33,1.5708,1.12284e-10,9,-5.61415e-10,1.30462e-09
12.42,1.5708,1.26118e-10,9,-6.30587e-10,1.46536e-09
12.51,1.5708,1.41657e-10,9,-7.08281e-10,1.64591e-09
12.6,1.5708,1.5911e-10,9,-7.95548e-10,1.8487e-09
12.69,1.5708,1.78714e-10,9,-8.93566e-10,2.07647e-09
12.78,1.5708,2.00733e-10,9,-1.00366e-09,2.33231e-09
12.87,1.5708,2.25465e-10,9,-1.12732e-09,2.61968e-09
12.96,1.5708,2.53245e-10,9,-1.26622e-09,2.94244e-09
13.05,1.5708,2.84446e-10,9,-1.42223e-09,3.30498e-09
13.14,1.5708,3.19493e-10,9,-1.59746e-09,3.71218e-09
13.23,1.5708,3.58857e-10,9,-1.79428e-09,4.16956e-09
13.32,1.5708,4.03072e-10,9,-2.01535e-09,4.68328e-09
13.41,1.5708,4.52734e-10,9,-2.26366e-09,5.2603e-09
13.5,1.5708,5.08514e-10,9,-2.54257e-09,5.90842e-09
13.59,1.5708,5.71168e-10,9,-2.85584e-09,6.63638e-09
13.68,1.5708,6.41541e-10,9,-3.2077e-09,7.45404e-09
13.77,1.5708,7.20584e-10,9,-3.60292e-09,8.37244e-09
13.86,1.5708,8.09366e-10,9,-4.04683e-09,9.404e-09
13.95,1.5708,9.09087e-10,9,-4.54543e-09,1.05627e-08
14.04,1.5708,1.02109e-09,9,-5.10547e-09,1.18641e-08
14.13,1.5708,1.1469e-09,9,-5.73451e-09,1.33258e-08
14.22,1.5708,1.28821e-09,9,-6.44105e-09,1.49677e-08
14.31,1.5708,1.44693e-09,9,-7.23465e-09,1.68118e-08
14.4,1.5708,1.6252e-09,9,-8.12602e-09,1.88832e-08
14.49,1.5708,1.82544e-09,9,-9.12721e-09,2.12097e-08
14.58,1.5708,2.05035e-09,9,-1.02518e-08,2.3823e-08
14.67,1.5708,2.30297e-09,9,-1.15149e-08,2.67582e-08
14.76,1.5708,2.58672e-09,9,-1.29336e-08,3.0055e-08
14.85,1.5708,2.90543e-09,9,-1.45271e-08,3.3758e-08
14.94,1.5708,3.2634e-09,9,-1.6317e-08,3.79173e-08
15.03,1.5708,3.66548e-09,9,-1.83274e-08,4.2589e-08
15.12,1.5708,4.1171e-09,9,-2.05855e-08,4.78363e-08
15.21,1.5708,4.62436e-09,9,-2.31218e-08,5.37302e-08
15.3,1.5708,5.19412e-09,9,-2.59706e-08,6.03502e-08
15.39,1.5708,5.83408e-09,9,-2.91704e-08,6.77859e-08
15.48,1.5708,6.55289e-09,9,-3.27644e-08,7.61377e-08
15.57,1.5708,7.36026e-09,9,-3.68013e-08,8.55185e-08
15.66,1.5708,8.2671e-09,9,-4.13355e-08,9.60551e-08
15.75,1.5708,9.28568e-09,9,-4.64284e-08,1.0789e-07
15.84,1.5708,1.04298e-08,9,-5.21488e-08,1.21183e-07
15.93,1.5708,1.17148e-08,9,-5.8574e-08,1.36114e-07
16.02,1.5708,1.31582e-08,9,-6.57908e-08,1.52884e-07
16.11,1.5708,1.47793e-08,9,-7.38968e-08,1.71721e-07
16.2,1.5708,1.66003e-08,9,-8.30015e-08,1.92878e-07
16.29,1.5708,1.86456e-08,9,-9.32279e-08,2.16642e-07
16.38,1.5708,2.09429e-08,9,-1.04714e-07,2.43334e-07
16.47,1.5708,2.35232e-08,9,-1.17616e-07,2.73315e-07
16.56,1.5708,2.64215e-08,9,-1.32107e-07,3.0699e-07
16.65,1.5708,2.96768e-08,9,-1.48384e-07,3.44814e-07
16.74,1.5708,3.33333e-08,9,-1.66666e-07,3.87298e-07
16.83,1.5708,3.74402e-08,9,-1.87201e-07,4.35016e-07
16.92,1.5708,4.20532e-08,9,-2.10266e-07,4.88614e-07
17.01,1.5708,4.72345e-08,9,-2.36172e-07,5.48815e-07
17.1,1.5708,5.30542e-08,9,-2.65271e-07,6.16434e-07
17.19,1.5708,5.95909e-08,9,-2.97955e-07,6.92384e-07
17.28,1.5708,6.6933e-08,9,-3.34665e-07,7.77691e-07
17.37,1.5708,7.51797e-08,9,-3.75899e-07,8.7351e-07
17.46,1.5708,8.44425e-08,9,-4.22213e-07,9.81133e-07
17.55,1.5708,9.48465e-08,9,-4.74233e-07,1.10202e-06
17.64,1.5708,1.06532e-07,9,-5.32662e-07,1.2378e-06
17.73,1.5708,1.19658e-07,9,-5.98291e-07,1.3903e-06
17.82,1.5708,1.34401e-07,9,-6.72005e-07,1.5616e-06
17.91,1.5708,1.5096e-07,9,-7.54802e-07,1.754e-06
18,1.5708,1.6956e-07,9,-8.478e-07,1.97011e-06
18.09,1.5708,1.90451e-07,9,-9.52256e-07,2.21284e-06
18.18,1.5708,2.13916e-07,9,-1.06958e-06,2.48548e-06
18.27,1.5708,2.40273e-07,9,-1.20136e-06,2.79172e-06
18.36,1.5708,2.69876e-07,9,-1.34938e-06,3.13568e-06
18.45,1.5708,3.03128e-07,9,-1.51564e-06,3.52202e-06
18.54,1.5708,3.40475e-07,9,-1.70238e-06,3.95597e-06
18.63,1.5708,3.82425e-07,9,-1.91212e-06,4.44338e-06
18.72,1.5708,4.29543e-07,9,-2.14771e-06,4.99084e-06
18.81,1.5708,4.82466e-07,9,-2.41233e-06,5.60575e-06
18.9,1.5708,5.4191e-07,9,-2.70955e-06,6.29643e-06
18.99,1.5708,6.08678e-07,9,-3.04339e-06,7.0722e-06
19.08,1.5708,6.83673e-07,9,-3.41836e-06,7.94356e-06
19.17,1.5708,7.67907e-07,9,-3.83953e-06,8.92227e-06
19.26,1.5708,8.6252e-07,9,-4.3126e-06,1.00216e-05
19.35,1.5708,9.68789e-07,9,-4.84395e-06,1.12563e-05
19.44,1.5708,1.08815e-06,9,-5.44076e-06,1.26432e-05
19.53,1.5708,1.22222e-06,9,-6.11111e-06,1.42009e-05
19.62,1.5708,1.37281e-06,9,-6.86405e-06,1.59506e-05
19.71,1.5708,1.54195e-06,9,-7.70976e-06,1.79159e-05
19.8,1.5708,1.73193e-06,9,-8.65967e-06,2.01233e-05
19.89,1.5708,1.94532e-06,9,-9.72661e-06,2.26026e-05
19.98,1.5708,2.185e-06,9,-1.0925e-05,2.53874e-05
20.07,1.5708,2.45421e-06,9,-1.22711e-05,2.85154e-05
20.16,1.5708,2.75659e-06,9,-1.3783e-05,3.20287e-05
20.25,1.57079,3.09623e-06,9,-1.54812e-05,3.59749e-05
20.34,1.57079,3.47771e-06,9,-1.73886e-05,4.04074e-05
20.43,1.57079,3.9062e-06,9,-1.9531e-05,4.53859e-05
20.52,1.57079,4.38747e-06,9,-2.19374e-05,5.09778e-05
20.61,1.57079,4.92805e-06,9,-2.46402e-05,5.72587e-05
20.7,1.57079,5.53522e-06,9,-2.76761e-05,6.43135e-05
20.79,1.57079,6.21721e-06,9,-3.10861e-05,7.22375e-05
20.88,1.57079,6.98322e-06,9,-3.49161e-05,8.11377e-05
20.97,1.57079,7.84362e-06,9,-3.92181e-05,9.11346e-05
21.06,1.57079,8.81002e-06,9,-4.40501e-05,0.000102363
21.15,1.57079,9.89549e-06,9,-4.94774e-05,0.000114975
21.24,1.57079,1.11147e-05,9,-5.55735e-05,0.000129141
21.33,1.57079,1.24841e-05,9,-6.24206e-05,0.000145052
21.42,1.57079,1.40223e-05,9,-7.01113e-05,0.000162924
21.51,1.57079,1.57499e-05,9,-7.87497e-05,0.000182998
21.6,1.57079,1.76905e-05,9,-8.84523e-05,0.000205545
21.69,1.57079,1.98701e-05,9,-9.93504e-05,0.000230869
21.78,1.57079,2.23182e-05,9,-0.000111591,0.000259314
21.87,1.57079,2.5068e-05,9,-0.00012534,0.000291264
21.96,1.57078,2.81566e-05,9,-0.000140783,0.00032715
22.05,1.57078,3.16258e-05,9,-0.000158129,0.000367458
22.14,1.57078,3.55223e-05,9,-0.000177612,0.000412732
22.23,1.57078,3.9899e-05,9,-0.000199495,0.000463584
22.32,1.57078,4.48149e-05,9,-0.000224074,0.000520702
22.41,1.57077,5.03364e-05,9,-0.000251682,0.000584857
22.5,1.57077,5.65383e-05,9,-0.000282692,0.000656916
22.59,1.57077,6.35043e-05,9,-0.000317522,0.000737854
22.68,1.57077,7.13286e-05,9,-0.000356643,0.000828763
22.77,1.57076,8.01169e-05,9,-0.000400584,0.000930874
22.86,1.57076,8.9988e-05,9,-0.00044994,0.00104557
22.95,1.57075,0.000101075,9,-0.000505376,0.00117439
23.04,1.57075,0.000113529,9,-0.000567643,0.00131908
23.13,1.57074,0.000127516,9,-0.000637581,0.00148161
23.22,1.57073,0.000143227,9,-0.000716137,0.00166415
23.31,1.57073,0.000160874,9,-0.000804371,0.00186919
23.4,1.57072,0.000180695,9,-0.000903476,0.00209949
23.49,1.57071,0.000202958,9,-0.00101479,0.00235816
23.58,1.5707,0.000227965,9,-0.00113982,0.00264871
23.67,1.57069,0.000256052,9,-0.00128026,0.00297505
23.76,1.57067,0.0002876,9,-0.001438,0.00334161
23.85,1.57066,0.000323034,9,-0.00161517,0.00375332
23.94,1.57064,0.000362835,9,-0.00181417,0.00421576
24.03,1.57062,0.000407539,9,-0.0020377,0.00473518
24.12,1.5706,0.000457752,9,-0.00228876,0.00531859
24.21,1.57058,0.000514151,9,-0.00257075,0.00597389
24.3,1.57055,0.000577498,9,-0.00288749,0.00670992
24.39,1.57052,0.000648651,9,-0.00324325,0.00753664
24.48,1.57048,0.00072857,9,-0.00364285,0.00846522
24.57,1.57044,0.000818336,9,-0.00409168,0.00950821
24.66,1.5704,0.000919162,9,-0.00459581,0.0106797
24.75,1.57035,0.00103241,8.99999,-0.00516205,0.0119955
24.84,1.5703,0.00115961,8.99999,-0.00579806,0.0134735
24.93,1.57024,0.00130249,8.99999,-0.00651243,0.0151335
25.02,1.57017,0.00146296,8.99999,-0.00731481,0.0169981
25.11,1.57009,0.00164321,8.99999,-0.00821605,0.0190924
25.2,1.57,0.00184567,8.99998,-0.00922834,0.0214448
25.29,1.5699,0.00207307,8.99998,-0.0103653,0.0240869
25.38,1.56979,0.0023285,8.99997,-0.0116424,0.0270547
25.47,1.56967,0.00261539,8.99997,-0.0130769,0.030388
25.56,1.56953,0.00293762,8.99996,-0.014688,0.0341321
25.65,1.56938,0.00329956,8.99995,-0.0164977,0.0383374
25.74,1.5692,0.0037061,8.99993,-0.0185303,0.0430609
25.83,1.569,0.00416272,8.99991,-0.0208133,0.0483664
25.92,1.56878,0.0046756,8.99989,-0.0233776,0.0543255
26.01,1.56854,0.00525167,8.99986,-0.0262578,0.0610188
26.1,1.56826,0.00589872,8.99983,-0.0294928,0.0685368
26.19,1.56795,0.00662549,8.99978,-0.0331264,0.076981
26.28,1.56759,0.00744181,8.99972,-0.0372075,0.0864656
26.37,1.5672,0.0083587,8.99965,-0.0417913,0.0971188
26.46,1.56676,0.00938855,8.99956,-0.0469396,0.109084
26.55,1.56626,0.0105453,8.99944,-0.052722,0.122524
26.64,1.5657,0.0118446,8.9993,-0.0592164,0.13762
26.73,1.56507,0.0133039,8.99912,-0.0665105,0.154575
26.82,1.56437,0.014943,8.99888,-0.0747024,0.173619
26.9099,1.56357,0.0167841,8.99859,-0.0839024,0.195009
26.9999,1.56268,0.018852,8.99822,-0.0942344,0.219034
27.0899,1.56169,0.0211746,8.99776,-0.105837,0.246019
27.1799,1.56056,0.0237834,8.99717,-0.118866,0.276327
27.2698,1.5593,0.0267136,8.99643,-0.133496,0.310367
27.3598,1.55789,0.0300047,8.9955,-0.149921,0.3486
27.4498,1.5563,0.0337013,8.99432,-0.168361,0.39154
27.5397,1.55451,0.0378531,8.99284,-0.18906,0.439767
27.6296,1.55251,0.0425164,8.99097,-0.21229,0.493929
27.7195,1.55026,0.0477539,8.98861,-0.238356,0.554756
27.8094,1.54773,0.0536364,8.98563,-0.267597,0.623066
27.8992,1.54489,0.0602432,8.98188,-0.300387,0.699774
27.989,1.54171,0.0676633,8.97714,-0.337142,0.785909
28.0788,1.53814,0.0759966,8.97118,-0.37832,0.882621
28.1684,1.53413,0.0853552,8.96366,-0.424421,0.9912
28.258,1.52963,0.0958649,8.95419,-0.47599,1.11309
28.3475,1.52459,0.107667,8.94226,-0.533612,1.24989
28.4369,1.51893,0.120918,8.92725,-0.597911,1.40341
28.526,1.5126,0.135797,8.90836,-0.669534,1.57564
28.615,1.50552,0.152501,8.88462,-0.749138,1.76881
28.7037,1.49759,0.171251,8.85479,-0.837364,1.98536
28.7921,1.48874,0.192295,8.81738,-0.934792,2.22802
28.88,1.47886,0.215908,8.77052,-1.04188,2.49974
28.9675,1.46787,0.242397,8.71193,-1.1589,2.80374
29.0542,1.45565,0.272102,8.63885,-1.28577,3.14349
29.1402,1.44212,0.305398,8.54798,-1.42195,3.52263
29.2251,1.42719,0.342699,8.43542,-1.56616,3.94492
29.3088,1.41078,0.384453,8.29668,-1.71616,4.4141
29.3909,1.39286,0.431148,8.12674,-1.86837,4.93362
29.4712,1.37342,0.483303,7.92024,-2.01746,5.50629
29.5492,1.35254,0.541457,7.67189,-2.15593,6.13373
29.6245,1.33037,0.606159,7.37713,-2.27374,6.8155
29.6966,1.30718,0.677937,7.03319,-2.3581,7.54798
29.765,1.28337,0.757261,6.64062,-2.39364,8.32283
29.8292,1.25953,0.844486,6.20526,-2.36326,9.12513
29.889,1.23638,0.939779,5.74032,-2.24983,9.93158
29.944,1.21485,1.04302,5.26814,-2.03907,10.7092
29.9944,1.19595,1.15373,4.82049,-1.72322,11.4155
30.0407,1.18073,1.27093,4.4363,-1.30505,12.0019
30.0835,1.17014,1.3932,4.15607,-0.800569,12.4197
30.1242,1.16491,1.51863,4.01362,-0.239194,12.6291
30.1643,1.16542,1.64502,4.02752,0.339779,12.6088
30.2053,1.17162,1.77005,4.19592,0.893837,12.3608
30.2487,1.18308,1.89155,4.49706,1.385,11.9103
30.2956,1.19902,2.00772,4.89531,1.78605,11.2993
30.3468,1.21846,2.11717,5.34991,2.08338,10.5771
30.4026,1.24034,2.21905,5.82286,2.27634,9.79165
30.4632,1.26367,2.31293,6.28397,2.3741,8.98383
30.5282,1.28756,2.39876,6.71257,2.3917,8.18491
30.5973,1.31129,2.47673,7.09687,2.34642,7.41661
30.67,1.33433,2.54724,7.43214,2.25517,6.69254
30.7458,1.35629,2.61076,7.71853,2.13291,6.02012
30.8242,1.37693,2.66782,7.9592,1.99193,5.40229
30.9048,1.3961,2.71898,8.15892,1.84182,4.83907
30.9872,1.41376,2.76478,8.32303,1.68967,4.32858
31.0712,1.4299,2.80572,8.45684,1.54046,3.86786
31.1563,1.44459,2.84229,8.5653,1.39752,3.45338
31.2424,1.45788,2.87493,8.6528,1.26291,3.0814
31.3293,1.46988,2.90405,8.72313,1.13773,2.74817
31.4168,1.48067,2.93001,8.77948,1.02245,2.45005
31.5049,1.49036,2.95315,8.82454,0.917072,2.18364
31.5933,1.49904,2.97378,8.86051,0.821287,1.94576
31.682,1.50681,2.99215,8.88917,0.734609,1.73348
31.771,1.51376,3.00852,8.91198,0.656443,1.54415
31.8603,1.51997,3.02311,8.93013,0.586145,1.37534
31.9496,1.52551,3.03609,8.94455,0.523055,1.22489
32.0391,1.53045,3.04766,8.95601,0.466531,1.09082
32.1287,1.53486,3.05796,8.9651,0.415955,0.971377
32.2184,1.53879,3.06713,8.97232,0.370748,0.864978
32.3082,1.54229,3.0753,8.97805,0.330373,0.770209
32.398,1.54541,3.08257,8.9826,0.294338,0.685809
32.4878,1.54819,3.08904,8.9862,0.262192,0.610648
32.5777,1.55067,3.09481,8.98906,0.233527,0.543719
32.6676,1.55287,3.09994,8.99133,0.207973,0.484124
32.7575,1.55484,3.10451,8.99313,0.1852,0.431061
32.8475,1.55658,3.10858,8.99455,0.164907,0.383817
32.9374,1.55814,3.11221,8.99568,0.146828,0.341755
33.0274,1.55953,3.11543,8.99658,0.130723,0.304308
33.1174,1.56076,3.11831,8.99729,0.116377,0.270971
33.2073,1.56186,3.12086,8.99785,0.103599,0.241294
33.2973,1.56284,3.12314,8.9983,0.0922173,0.214878
33.3873,1.56371,3.12517,8.99865,0.0820798,0.191364
33.4773,1.56448,3.12698,8.99893,0.07305,0.170437
33.5673,1.56517,3.12859,8.99915,0.0650065,0.151812
33.6573,1.56579,3.13002,8.99933,0.057841,0.135239
33.7473,1.56633,3.1313,8.99947,0.0514569,0.120494
33.8373,1.56682,3.13244,8.99958,0.0457681,0.107377
33.9273,1.56725,3.13345,8.99967,0.0406979,0.0957117
34.0173,1.56763,3.13436,8.99974,0.0361777,0.08534
34.1073,1.56798,3.13516,8.99979,0.0321467,0.0761218
34.1973,1.56828,3.13588,8.99983,0.0285502,0.0679327
34.2873,1.56855,3.13652,8.99987,0.0253398,0.0606619
34.3773,1.56879,3.1371,8.9999,0.0224719,0.0542113
34.4673,1.569,3.13761,8.99992,0.019908,0.0484938
34.5572,1.56919,3.13807,8.99994,0.0176131,0.043432
34.6472,1.56935,3.13848,8.99995,0.0155565,0.0389575
34.7372,1.5695,3.13885,8.99996,0.0137101,0.0350099
34.8272,1.56963,3.13918,8.99997,0.0120491,0.0315359
34.9172,1.56974,3.13948,8.99998,0.0105509,0.0284884
35.0072,1.56984,3.13975,8.99998,0.00919526,0.0258264
35.0972,1.56992,3.14,8.99999,0.00796385,0.0235138
35.1872,1.57,3.14023,8.99999,0.00683998,0.0215194
35.2772,1.57006,3.14043,8.99999,0.00580842,0.0198161
35.3672,1.57011,3.14062,8.99999,0.00485521,0.0183811
35.4572,1.57016,3.1408,8.99999,0.00396742,0.0171947
35.5472,1.57019,3.14097,9,0.00313303,0.0162411
35.6372,1.57022,3.14113,9,0.00234074,0.0155073
35.7272,1.57024,3.14128,9,0.00157981,0.0149834
35.8172,1.57025,3.14143,9,0.000839942,0.0146622
35.9072,1.57026,3.14157,9,0.000111106,0.0145393
35.9972,1.57025,3.14172,9,-0.000616564,0.0146132
36.0872,1.57024,3.14186,9,-0.00135292,0.0148847
36.1772,1.57023,3.14202,9,-0.00210792,0.0153576
36.2672,1.5702,3.14217,9,-0.00289178,0.016038
36.3572,1.57017,3.14234,9,-0.00371511,0.0169353
36.4472,1.57013,3.14251,8.99999,-0.00458903,0.0180615
36.5372,1.57008,3.1427,8.99999,-0.00552536,0.0194318
36.6272,1.57002,3.1429,8.99999,-0.00653674,0.0210647
36.7172,1.56995,3.14312,8.99999,-0.00763685,0.0229822
36.8072,1.56986,3.14336,8.99998,-0.00884053,0.0252102
36.8972,1.56977,3.14363,8.99998,-0.010164,0.0277787
36.9872,1.56966,3.14392,8.99997,-0.0116253,0.0307226
37.0772,1.56954,3.14424,8.99996,-0.0132439,0.0340814
37.1672,1.56939,3.1446,8.99995,-0.0150419,0.0379006
37.2572,1.56923,3.145,8.99994,-0.0170434,0.0422318
37.3472,1.56905,3.14545,8.99992,-0.0192755,0.0471334
37.4372,1.56885,3.14595,8.9999,-0.0217683,0.0526718
37.5272,1.56862,3.1465,8.99988,-0.0245555,0.0589216
37.6172,1.56836,3.14713,8.99984,-0.0276747,0.0659675
37.7072,1.56806,3.14783,8.9998,-0.0311679,0.0739045
37.7972,1.56773,3.14861,8.99975,-0.0350824,0.08284
37.8872,1.56736,3.14949,8.99969,-0.039471,0.0928946
37.9772,1.56694,3.15047,8.9996,-0.0443929,0.104204
38.0672,1.56647,3.15158,8.9995,-0.0499144,0.116922
38.1572,1.56594,3.15282,8.99937,-0.0561101,0.131219
38.2472,1.56534,3.15421,8.9992,-0.0630634,0.147289
38.3372,1.56467,3.15577,8.99899,-0.070868,0.165349
38.4272,1.56392,3.15752,8.99873,-0.0796291,0.185643
38.5172,1.56308,3.15949,8.9984,-0.0894644,0.208445
38.6072,1.56213,3.1617,8.99798,-0.100506,0.234063
38.6971,1.56106,3.16418,8.99745,-0.112903,0.262843
38.7871,1.55987,3.16697,8.99678,-0.12682,0.295174
38.8771,1.55852,3.1701,8.99594,-0.142443,0.331491
38.967,1.55701,3.17361,8.99487,-0.159982,0.372285
39.057,1.55532,3.17756,8.99353,-0.179667,0.418105
39.1469,1.55341,3.18199,8.99184,-0.201761,0.46957
39.2368,1.55127,3.18697,8.98971,-0.226553,0.527371
39.3267,1.54887,3.19256,8.98702,-0.254365,0.592287
39.4165,1.54617,3.19884,8.98363,-0.285557,0.665188
39.5064,1.54315,3.2059,8.97935,-0.320527,0.747053
39.5961,1.53975,3.21382,8.97396,-0.359714,0.838977
39.6858,1.53594,3.22272,8.96717,-0.403599,0.942186
39.7755,1.53166,3.23271,8.95861,-0.452707,1.05805
39.865,1.52686,3.24392,8.94782,-0.507608,1.18811
39.9544,1.52149,3.25652,8.93425,-0.568908,1.33408
40.0437,1.51546,3.27066,8.91716,-0.637245,1.49785
40.1327,1.50871,3.28654,8.89568,-0.713277,1.68156
40.2216,1.50117,3.30437,8.86868,-0.797654,1.88756
40.3101,1.49273,3.32438,8.8348,-0.89099,2.11844
40.3982,1.48332,3.34683,8.79233,-0.993807,2.37705
40.4859,1.47282,3.37202,8.73918,-1.10647,2.66651
40.573,1.46115,3.40028,8.67281,-1.22906,2.99017
40.6593,1.44821,3.43195,8.59017,-1.36127,3.35161
40.7447,1.4339,3.46745,8.48763,-1.50217,3.75455
40.829,1.41814,3.50719,8.36093,-1.65,4.20276
40.9118,1.40089,3.55166,8.20529,-1.80178,4.69985
40.993,1.38211,3.60136,8.01546,-1.95302,5.24898
41.072,1.36185,3.65682,7.78606,-2.09721,5.85235
41.1485,1.34022,3.71859,7.51208,-2.22547,6.51057
41.2221,1.31743,3.78721,7.18983,-2.32622,7.22157
41.2922,1.29383,3.86318,6.81819,-2.38516,7.97928
41.3583,1.26992,3.94692,6.40042,-2.38579,8.7719
41.4201,1.24637,4.03867,5.94624,-2.31071,9.58001
41.4772,1.22401,4.13847,5.47386,-2.14398,10.3749
41.5296,1.20383,4.246,5.01101,-1.87449,11.1182
41.5775,1.18688,4.36051,4.59398,-1.49995,11.7633
41.6217,1.17415,4.48077,4.26349,-1.03037,12.2605
41.6632,1.16651,4.60508,4.05738,-0.489517,12.565
41.7034,1.16448,4.73133,4.00182,0.0869755,12.6464
41.7438,1.16823,4.85723,4.10419,0.657051,12.4962
41.786,1.17746,4.98053,4.35099,1.17983,12.1299
41.8312,1.19155,5.09923,4.71167,1.62282,11.5833
41.8804,1.20959,5.21175,5.1466,1.96634,10.9037
41.9342,1.23053,5.31702,5.61577,2.20434,10.1403
41.9927,1.25334,5.41443,6.08517,2.34217,9.33789
42.0559,1.27708,5.50377,6.52993,2.39278,8.53186
42.1232,1.30096,5.58514,6.93457,2.37287,7.74805
42.1944,1.32436,5.65886,7.29153,2.29976,7.00339
42.2689,1.34683,5.72537,7.59905,2.18939,6.30778
42.3462,1.36807,5.7852,7.85921,2.05527,5.66591
42.4259,1.38789,5.83888,8.07621,1.90815,5.07894
42.5076,1.40622,5.88696,8.25524,1.75616,4.54569
42.5909,1.42302,5.92996,8.40168,1.60517,4.0636
42.6755,1.43834,5.96839,8.52066,1.45916,3.62934
42.7613,1.45223,6.00269,8.61683,1.32072,3.23923
42.8478,1.46478,6.03331,8.69424,1.19132,2.8895
42.9351,1.47609,6.06061,8.75635,1.07169,2.57645
43.0229,1.48625,6.08495,8.80606,0.961994,2.29657
43.1112,1.49536,6.10664,8.84576,0.862059,2.04658
43.1998,1.50352,6.12597,8.87742,0.771462,1.82345
43.2887,1.51082,6.14319,8.90264,0.689646,1.62439
43.3778,1.51734,6.15853,8.9227,0.615983,1.44689
43.4671,1.52316,6.17219,8.93865,0.549816,1.28866
43.5566,1.52836,6.18436,8.95132,0.490493,1.14766
43.6462,1.53299,6.19519,8.96138,0.437383,1.02202
43.7358,1.53713,6.20484,8.96937,0.389891,0.910105
43.8255,1.54081,6.21344,8.97571,0.347461,0.810418
43.9153,1.54409,6.22109,8.98074,0.309579,0.721636
44.0052,1.54701,6.2279,8.98473,0.275778,0.642571
44.095,1.54962,6.23397,8.98789,0.245631,0.572167
44.1849,1.55194,6.23937,8.9904,0.218753,0.509478
44.2748,1.554,6.24418,8.99239,0.194794,0.453662
44.3648,1.55584,6.24846,8.99397,0.173443,0.403968
44.4547,1.55748,6.25228,8.99522,0.154418,0.359728
44.5447,1.55894,6.25567,8.99621,0.137467,0.320344
44.6346,1.56023,6.2587,8.997,0.122366,0.285287
44.7246,1.56139,6.26139,8.99762,0.108912,0.254083
44.8146,1.56242,6.26379,8.99812,0.0969268,0.226311
44.9046,1.56333,6.26593,8.99851,0.0862488,0.201596
44.9945,1.56415,6.26783,8.99882,0.0767348,0.179605
45.0845,1.56487,6.26953,8.99906,0.0682569,0.160041
45.1745,1.56551,6.27104,8.99926,0.060701,0.142639
45.2645,1.56609,6.27239,8.99941,0.0539654,0.127164
45.3545,1.5666,6.27359,8.99954,0.0479593,0.113408
45.4445,1.56705,6.27466,8.99963,0.0426016,0.101184
45.5345,1.56745,6.27562,8.99971,0.03782,0.0903281
45.6245,1.56781,6.27647,8.99977,0.0335501,0.0806929
45.7145,1.56812,6.27724,8.99982,0.0297341,0.0721483
45.8045,1.5684,6.27792,8.99986,0.0263206,0.0645791
45.8945,1.56865,6.27853,8.99989,0.0232632,0.0578829
45.9845,1.56887,6.27908,8.99991,0.0205208,0.0519694
46.0745,1.56906,6.27957,8.99993,0.0180563,0.0467586
46.1645,1.56923,6.28002,8.99995,0.0158363,0.0421803
46.2545,1.56938,6.28042,8.99996,0.0138307,0.0381725
46.3445,1.56951,6.28078,8.99997,0.0120124,0.0346811
46.4345,1.56962,6.28111,8.99997,0.0103569,0.031659
46.5245,1.56972,6.28142,8.99998,0.00884166,0.0290654
46.6145,1.5698,6.2817,8.99998,0.00744615,0.0268652
46.7045,1.56986,6.28195,8.99999,0.00615148,0.0250288
46.7945,1.56992,6.2822,8.99999,0.00494008,0.0235313
46.8845,1.56996,6.28243,8.99999,0.00379553,0.0223525
46.9745,1.57,6.28265,8.99999,0.00270229,0.0214764
47.0645,1.57002,6.28286,9,0.00164553,0.0208913
47.1545,1.57003,6.28306,9,0.00061091,0.0205892
47.2445,1.57003,6.28327,9,-0.000415614,0.0205661
47.3345,1.57002,6.28348,9,-0.00144797,0.0208215
47.4245,1.57,6.28369,8.99999,-0.00250018,0.0213589
47.5145,1.56997,6.2839,8.99999,-0.0035865,0.0221856
47.6045,1.56993,6.28413,8.99999,-0.00472168,0.0233127
47.6945,1.56988,6.28437,8.99999,-0.0059211,0.0247554
47.7845,1.56981,6.28463,8.99999,-0.00720102,0.0265331
47.8745,1.56973,6.2849,8.99998,-0.00857877,0.0286699
47.9645,1.56964,6.2852,8.99998,-0.010073,0.0311945
48.0545,1.56953,6.28553,8.99997,-0.011704,0.0341411
48.1445,1.5694,6.28589,8.99996,-0.0134937,0.0375493
48.2345,1.56926,6.28628,8.99995,-0.0154665,0.0414653
48.3245,1.56909,6.28672,8.99993,-0.0176489,0.0459418
48.4145,1.56891,6.2872,8.99992,-0.0200705,0.0510394
48.5045,1.56869,6.28774,8.99989,-0.0227639,0.0568268
48.5945,1.56845,6.28834,8.99986,-0.0257657,0.0633822
48.6845,1.56818,6.28901,8.99983,-0.0291163,0.0707941
48.7745,1.56787,6.28976,8.99978,-0.032861,0.0791626
48.8645,1.56752,6.2906,8.99972,-0.0370503,0.0886008
48.9545,1.56712,6.29154,8.99965,-0.0417408,0.0992362
49.0445,1.56668,6.29259,8.99955,-0.0469957,0.111212
49.1345,1.56618,6.29377,8.99944,-0.052886,0.124691
49.2245,1.56562,6.29509,8.99929,-0.0594911,0.139854
49.3145,1.56499,6.29657,8.9991,-0.0669,0.156907
49.4044,1.56428,6.29823,8.99886,-0.0752124,0.17608
49.4944,1.56348,6.3001,8.99857,-0.0845403,0.197631
49.5844,1.56258,6.30219,8.99819,-0.095009,0.221852
49.6744,1.56158,6.30455,8.99771,-0.106759,0.24907
49.7644,1.56044,6.30719,8.99712,-0.119948,0.279652
49.8543,1.55917,6.31015,8.99636,-0.134752,0.314011
49.9443,1.55774,6.31348,8.99541,-0.151369,0.352611
50.0342,1.55614,6.31722,8.99421,-0.17002,0.395971
50.1242,1.55434,6.32142,8.99269,-0.190951,0.444677
50.2141,1.55231,6.32613,8.99078,-0.214439,0.499384
50.304,1.55004,6.33143,8.98837,-0.24079,0.560829
50.3939,1.54748,6.33737,8.98533,-0.270347,0.629837
50.4837,1.54462,6.34405,8.98149,-0.303488,0.707334
50.5735,1.5414,6.35155,8.97666,-0.340633,0.794358
50.6632,1.53779,6.35998,8.97057,-0.382244,0.892072
50.7529,1.53374,6.36943,8.96289,-0.428824,1.00178
50.8425,1.5292,6.38006,8.95322,-0.480922,1.12493
50.932,1.5241,6.39198,8.94104,-0.539128,1.26316
51.0213,1.51839,6.40538,8.92572,-0.604068,1.41827
51.1105,1.51199,6.42041,8.90643,-0.67639,1.59229
51.1994,1.50484,6.43729,8.88219,-0.756753,1.78745
51.2881,1.49683,6.45624,8.85175,-0.845792,2.00625
51.3764,1.48789,6.4775,8.81356,-0.94408,2.25139
51.4643,1.47792,6.50136,8.76574,-1.05207,2.52589
51.5517,1.46681,6.52813,8.70596,-1.16998,2.83297
51.6384,1.45448,6.55814,8.63142,-1.29773,3.17612
51.7243,1.44083,6.59179,8.53876,-1.4347,3.55899
51.8091,1.42576,6.62947,8.42402,-1.57954,3.98537
51.8926,1.40922,6.67165,8.28268,-1.72992,4.45896
51.9746,1.39116,6.71882,8.10965,-1.88209,4.98317
52.0547,1.37159,6.77149,7.89959,-2.03056,5.56075
52.1325,1.35059,6.83022,7.64721,-2.16762,6.19315
52.2075,1.32831,6.89554,7.34808,-2.28297,6.87971
52.2793,1.30504,6.96798,6.99966,-2.36358,7.61645
52.3473,1.28121,7.048,6.60289,-2.39389,8.39451
52.4112,1.25739,7.13595,6.16418,-2.35668,9.19828
52.4705,1.23435,7.23198,5.69753,-2.23497,10.0036
52.5251,1.21302,7.33592,5.22613,-2.01489,10.7766
52.5751,1.19441,7.44726,4.78254,-1.6895,11.4742
52.621,1.17957,7.56499,4.40611,-1.26266,12.0473
52.6636,1.16944,7.68763,4.13713,-0.751638,12.4477
52.7042,1.16472,7.81324,4.00832,-0.186954,12.6369
52.7443,1.16575,7.93959,4.03659,0.391502,12.5955
52.7855,1.17245,8.06439,4.21814,0.941312,12.3278
52.8291,1.18435,8.18549,4.52967,1.42526,11.8609
52.8764,1.20065,8.30109,4.9347,1.81728,11.2378
52.928,1.22035,8.40989,5.39243,2.10503,10.508
52.9843,1.2424,8.51105,5.86541,2.28889,9.719
53.0452,1.26581,8.60421,6.32429,2.37873,8.91085
53.1106,1.28971,8.68931,6.74925,2.38992,8.11393
53.1801,1.3134,8.76659,7.12923,2.33982,7.34918
53.2531,1.33636,8.83644,7.46002,2.24519,6.62956
53.3291,1.35821,8.89936,7.74211,2.12077,5.962
53.4078,1.37872,8.95587,7.97887,1.97861,5.34915
53.4886,1.39775,9.00652,8.17514,1.82807,4.79079
53.5711,1.41527,9.05186,8.3363,1.676,4.28494
53.6552,1.43129,9.09239,8.46762,1.52725,3.82855
53.7404,1.44584,9.12858,8.57402,1.38499,3.41808
53.8266,1.45901,9.16089,8.65982,1.2512,3.04975
53.9135,1.4709,9.18971,8.72875,1.1269,2.71984
54.0011,1.48158,9.2154,8.78399,1.01253,2.42474
54.0892,1.49118,9.2383,8.82814,0.908029,2.16104
54.1777,1.49978,9.25872,8.86338,0.813088,1.9256
54.2664,1.50747,9.2769,8.89145,0.727204,1.71551
54.3555,1.51435,9.2931,8.9138,0.649774,1.52814
54.4447,1.52049,9.30753,8.93158,0.580151,1.36109
54.5341,1.52598,9.32038,8.9457,0.517678,1.21221
54.6236,1.53087,9.33183,8.95692,0.461712,1.07954
54.7132,1.53523,9.34202,8.96583,0.41164,0.961354
54.8029,1.53912,9.3511,8.9729,0.366885,0.856078
54.8927,1.54258,9.35918,8.97851,0.326916,0.762314
54.9825,1.54567,9.36638,8.98296,0.291242,0.678813
55.0723,1.54842,9.37279,8.98649,0.259418,0.604458
55.1622,1.55087,9.3785,8.98929,0.231038,0.538252
55.2521,1.55305,9.38358,8.99151,0.205738,0.479305
55.342,1.555,9.3881,8.99327,0.183187,0.426826
55.432,1.55672,9.39213,8.99467,0.16309,0.380108
55.5219,1.55826,9.39572,8.99577,0.145183,0.338522
55.6119,1.55963,9.39892,8.99665,0.129226,0.301507
55.7019,1.56085,9.40177,8.99735,0.115009,0.268564
55.7918,1.56194,9.4043,8.9979,0.10234,0.239248
55.8818,1.56291,9.40656,8.99833,0.0910514,0.213164
55.9718,1.56377,9.40858,8.99868,0.0809904,0.189959
56.0618,1.56453,9.41037,8.99896,0.0720222,0.169321
56.1518,1.56521,9.41197,8.99917,0.0640263,0.15097
56.2418,1.56581,9.4134,8.99935,0.056895,0.134658
56.3318,1.56635,9.41467,8.99948,0.0505323,0.120166
56.4218,1.56683,9.41581,8.99959,0.0448524,0.107297
56.5118,1.56725,9.41682,8.99968,0.0397788,0.0958773
56.6018,1.56762,9.41773,8.99975,0.035243,0.0857532
56.6918,1.56795,9.41854,8.9998,0.0311838,0.0767876
56.7818,1.56825,9.41927,8.99984,0.0275464,0.0688594
56.8718,1.56851,9.41992,8.99988,0.0242817,0.0618615
56.9617,1.56873,9.42051,8.9999,0.0213457,0.0556994
57.0517,1.56893,9.42104,8.99992,0.0186987,0.0502898
57.1417,1.56911,9.42151,8.99994,0.016305,0.0455598
57.2317,1.56926,9.42195,8.99995,0.0141323,0.0414454
57.3217,1.56939,9.42235,8.99996,0.0121511,0.0378912
57.4117,1.56951,9.42271,8.99997,0.0103347,0.034849
57.5017,1.5696,9.42304,8.99998,0.0086586,0.0322779
57.5917,1.56968,9.42336,8.99998,0.00710011,0.0301431
57.6817,1.56974,9.42365,8.99999,0.00563815,0.0284159
57.7717,1.56979,9.42393,8.99999,0.00425295,0.027073
57.8617,1.56983,9.42419,8.99999,0.00292577,0.0260962
57.9517,1.56985,9.42445,8.99999,0.00163863,0.0254724
58.0417,1.56986,9.4247,8.99999,0.000374129,0.0251933
58.1317,1.56986,9.42495,8.99999,-0.000884874,0.0252551
58.2217,1.56984,9.42521,8.99999,-0.00215543,0.0256586
58.3117,1.56981,9.42547,8.99999,-0.00345474,0.0264094
58.4017,1.56977,9.42574,8.99999,-0.00480043,0.0275176
58.4917,1.56972,9.42602,8.99999,-0.00621071,0.0289982
58.5817,1.56965,9.42632,8.99998,-0.00770471,0.0308714
58.6717,1.56956,9.42664,8.99998,-0.00930266,0.0331623
58.7617,1.56946,9.42698,8.99997,-0.0110262,0.035902
58.8517,1.56934,9.42736,8.99996,-0.0128987,0.0391275
58.9417,1.5692,9.42777,8.99995,-0.0149455,0.0428825
59.0317,1.56904,9.42822,8.99993,-0.0171943,0.0472176
59.1217,1.56886,9.42871,8.99992,-0.0196755,0.0521914
59.2117,1.56865,9.42926,8.99989,-0.0224228,0.0578712
59.3017,1.56841,9.42987,8.99986,-0.0254733,0.0643337
59.3917,1.56814,9.43055,8.99983,-0.0288683,0.0716662
59.4817,1.56783,9.43131,8.99978,-0.0326536,0.0799678
59.5717,1.56748,9.43216,8.99972,-0.0368804,0.0893506
59.6617,1.56709,9.4331,8.99965,-0.0416059,0.0999414
59.7517,1.56665,9.43416,8.99955,-0.0468938,0.111883
59.8417,1.56615,9.43534,8.99944,-0.0528157,0.125337
59.9317,1.56559,9.43667,8.99929,-0.0594513,0.140486
60.0217,1.56496,9.43816,8.9991,-0.0668901,0.157533
60.1117,1.56425,9.43983,8.99886,-0.0752325,0.176709
60.2017,1.56345,9.4417,8.99856,-0.0845907,0.198273
60.2917,1.56255,9.4438,8.99818,-0.0950907,0.222516
60.3816,1.56155,9.44616,8.99771,-0.106873,0.249766
60.4716,1.56041,9.44881,8.99711,-0.120097,0.28039
60.5616,1.55914,9.45178,8.99635,-0.134938,0.314801
60.6515,1.55771,9.45512,8.99539,-0.151595,0.353465
60.7415,1.5561,9.45887,8.99418,-0.170289,0.396901
60.8314,1.55429,9.46308,8.99266,-0.191267,0.445696
60.9213,1.55227,9.4678,8.99074,-0.214807,0.500506
61.0112,1.54999,9.47311,8.98832,-0.241216,0.562069
61.1011,1.54743,9.47907,8.98527,-0.270837,0.631212
61.1909,1.54456,9.48576,8.98142,-0.304048,0.708863
61.2807,1.54134,9.49328,8.97657,-0.341272,0.796062
61.3705,1.53772,9.50172,8.97045,-0.382969,0.893973
61.4601,1.53366,9.5112,8.96274,-0.429645,1.0039
61.5497,1.52911,9.52184,8.95303,-0.481849,1.12731
61.6392,1.524,9.53379,8.9408,-0.540173,1.26581
61.7285,1.51828,9.54721,8.92541,-0.605241,1.42124
61.8177,1.51187,9.56228,8.90605,-0.677704,1.59562
61.9066,1.5047,9.5792,8.88171,-0.758218,1.79118
61.9953,1.49668,9.59818,8.85114,-0.84742,2.01042
62.0836,1.48772,9.61949,8.8128,-0.945881,2.25606
62.1715,1.47773,9.6434,8.76479,-1.05405,2.53111
62.2589,1.46661,9.67022,8.70477,-1.17214,2.8388
62.3456,1.45426,9.7003,8.62994,-1.30006,3.18262
62.4314,1.44058,9.73401,8.53692,-1.43719,3.56624
62.5162,1.42549,9.77177,8.42175,-1.58216,3.99343
62.5998,1.40891,9.81404,8.27989,-1.73261,4.46789
62.6817,1.39083,9.8613,8.10625,-1.88477,4.99303
62.7618,1.37123,9.91407,7.89547,-2.03312,5.57158
62.8395,1.3502,9.97291,7.6423,-2.16989,6.20496
62.9145,1.32791,10.0384,7.3423,-2.28475,6.89246
62.9862,1.30462,10.1109,6.99299,-2.36461,7.63003
63.0542,1.28078,10.1911,6.5954,-2.39387,8.4087
63.1179,1.25697,10.2792,6.15605,-2.3553,9.21274
63.1772,1.23396,10.3754,5.68908,-2.23195,10.0178
63.2317,1.21266,10.4794,5.21786,-2.01003,10.7899
63.2816,1.19411,10.5909,4.77511,-1.68276,11.4857
63.3274,1.17935,10.7087,4.40026,-1.25422,12.0561
63.37,1.16931,10.8314,4.13352,-0.741943,12.453
63.4106,1.16469,10.9571,4.00742,-0.176645,12.6382
63.4507,1.16582,11.0834,4.03852,0.401667,12.5927
63.4919,1.17262,11.2082,4.22265,0.950601,12.3212
63.5356,1.18461,11.3292,4.53618,1.43309,11.8511
63.5829,1.20097,11.4447,4.94252,1.82333,11.2256
63.6346,1.22073,11.5534,5.40083,2.10919,10.4944
63.691,1.24281,11.6544,5.87379,2.29126,9.70469
63.752,1.26624,11.7474,6.33221,2.37955,8.8965
63.8175,1.29014,11.8324,6.75644,2.3895,8.1
63.887,1.31382,11.9095,7.13556,2.33845,7.33596
63.96,1.33676,11.9792,7.46547,2.24317,6.61722
64.0361,1.35859,12.042,7.74672,2.11833,5.95062
64.1148,1.37907,12.0984,7.98271,1.97595,5.33875
64.1957,1.39808,12.149,8.17831,1.82532,4.78135
64.2783,1.41557,12.1942,8.33889,1.67328,4.2764
64.3623,1.43156,12.2347,8.46973,1.52461,3.82087
64.4476,1.44609,12.2708,8.57572,1.38249,3.41117
64.5338,1.45924,12.303,8.66119,1.24885,3.04357
64.6208,1.4711,12.3318,8.72986,1.12474,2.71431
64.7083,1.48176,12.3574,8.78487,1.01054,2.41979
64.7964,1.49134,12.3803,8.82885,0.906211,2.15662
64.8849,1.49992,12.4007,8.86394,0.811436,1.92166
64.9737,1.5076,12.4188,8.8919,0.725707,1.712
65.0627,1.51446,12.435,8.91416,0.648421,1.52501
65.1519,1.52059,12.4494,8.93186,0.578931,1.3583
65.2413,1.52606,12.4622,8.94593,0.516579,1.20973
65.3308,1.53095,12.4736,8.9571,0.460723,1.07734
65.4205,1.5353,12.4838,8.96597,0.41075,0.959399
65.5102,1.53918,12.4929,8.97302,0.366085,0.854344
65.5999,1.54264,12.5009,8.9786,0.326195,0.76078
65.6897,1.54572,12.5081,8.98304,0.290593,0.677459
65.7796,1.54846,12.5145,8.98655,0.258832,0.603265
65.8695,1.5509,12.5202,8.98934,0.230508,0.537205
65.9594,1.55308,12.5253,8.99155,0.205258,0.478392
66.0493,1.55502,12.5298,8.9933,0.18275,0.426035
66.1392,1.55674,12.5338,8.99469,0.162691,0.379429
66.2292,1.55828,12.5374,8.99579,0.144816,0.337946
66.3191,1.55965,12.5406,8.99667,0.128888,0.301027
66.4091,1.56086,12.5434,8.99736,0.114693,0.268175
66.4991,1.56195,12.546,8.99791,0.102043,0.238945
66.5891,1.56291,12.5482,8.99834,0.0907683,0.212944
66.6791,1.56377,12.5502,8.99869,0.0807174,0.18982
66.769,1.56453,12.552,8.99896,0.0717554,0.169261
66.859,1.5652,12.5536,8.99918,0.0637616,0.150988
66.949,1.56581,12.555,8.99935,0.0566285,0.134757
67.039,1.56634,12.5563,8.99949,0.0502597,0.120346
67.129,1.56681,12.5575,8.99959,0.0445696,0.107562
67.219,1.56723,12.5585,8.99968,0.0394813,0.0962313
67.309,1.5676,12.5594,8.99975,0.0349261,0.086201
67.399,1.56793,12.5602,8.9998,0.0308425,0.0773357
67.489,1.56822,12.5609,8.99984,0.0271755,0.0695155
67.579,1.56848,12.5616,8.99988,0.0238754,0.0626346
67.669,1.5687,12.5622,8.9999,0.0208978,0.0566001
67.759,1.5689,12.5627,8.99993,0.0182024,0.0513304
67.849,1.56907,12.5632,8.99994,0.0157528,0.0467543
67.939,1.56921,12.5637,8.99996,0.0135159,0.0428099
68.029,1.56934,12.5641,8.99997,0.0114616,0.0394439
68.119,1.56944,12.5645,8.99997,0.00956198,0.0366108
68.209,1.56953,12.5648,8.99998,0.00779151,0.0342723
68.299,1.5696,12.5651,8.99998,0.00612627,0.0323967
68.389,1.56965,12.5655,8.99999,0.00454375,0.0309588
68.479,1.56969,12.5658,8.99999,0.00302259,0.0299391
68.569,1.56971,12.5661,8.99999,0.00154226,0.0293238
68.659,1.56972,12.5664,8.99999,8.27731e-05,0.0291045
68.749,1.56971,12.5666,8.99999,-0.00137558,0.0292784
68.839,1.56969,12.5669,8.99999,-0.00285249,0.0298477
68.929,1.56966,12.5672,8.99999,-0.00436789,0.0308202
69.019,1.5696,12.5676,8.99998,-0.00594224,0.0322091
69.109,1.56954,12.5679,8.99998,-0.0075968,0.034033
69.199,1.56945,12.5682,8.99997,-0.00935391,0.0363167
69.289,1.56935,12.5686,8.99997,-0.0112373,0.039091
69.379,1.56923,12.569,8.99996,-0.0132724,0.0423935
69.469,1.56908,12.5695,8.99994,-0.0154867,0.0462688
69.559,1.56892,12.57,8.99993,-0.0179101,0.0507692
69.649,1.56872,12.5705,8.99991,-0.0205754,0.0559557
69.739,1.5685,12.5711,8.99988,-0.0235185,0.0618982
69.829,1.56825,12.5717,8.99985,-0.0267791,0.0686773
69.919,1.56797,12.5725,8.99981,-0.0304014,0.0763844
70.009,1.56764,12.5733,8.99975,-0.0344343,0.0851238
70.099,1.56728,12.5742,8.99969,-0.0389321,0.0950135
70.189,1.56686,12.5752,8.99961,-0.0439557,0.106187
70.279,1.5664,12.5763,8.9995,-0.0495728,0.118796
70.369,1.56587,12.5775,8.99937,-0.0558592,0.13301
70.459,1.56528,12.579,8.9992,-0.0628997,0.149022
70.549,1.56461,12.5805,8.99899,-0.0707892,0.167048
70.6389,1.56386,12.5823,8.99872,-0.079634,0.187331
70.7289,1.56301,12.5843,8.99839,-0.089553,0.210145
70.8189,1.56206,12.5865,8.99796,-0.10068,0.235799
70.9089,1.56099,12.589,8.99743,-0.113163,0.264638
70.9989,1.55979,12.5918,8.99675,-0.127171,0.297053
71.0888,1.55845,12.595,8.9959,-0.14289,0.333481
71.1788,1.55693,12.5985,8.99483,-0.16053,0.374412
71.2687,1.55523,12.6025,8.99348,-0.180325,0.420399
71.3586,1.55332,12.6069,8.99177,-0.202536,0.472061
71.4486,1.55117,12.6119,8.98962,-0.227456,0.530094
71.5384,1.54876,12.6176,8.9869,-0.255408,0.595278
71.6283,1.54605,12.6239,8.98348,-0.286754,0.668489
71.7181,1.54301,12.631,8.97917,-0.321893,0.750707
71.8079,1.5396,12.6389,8.97373,-0.361266,0.843034
71.8976,1.53577,12.6479,8.96687,-0.405356,0.9467
71.9872,1.53147,12.6579,8.95823,-0.454691,1.06308
72.0767,1.52665,12.6692,8.94735,-0.509841,1.19373
72.1661,1.52125,12.6818,8.93365,-0.571415,1.34035
72.2554,1.5152,12.696,8.91641,-0.640051,1.50486
72.3445,1.50843,12.712,8.89473,-0.716408,1.68941
72.4333,1.50085,12.7299,8.86748,-0.801134,1.89633
72.5218,1.49237,12.75,8.83329,-0.894842,2.12825
72.6099,1.48292,12.7725,8.79044,-0.998049,2.38802
72.6976,1.47238,12.7979,8.73682,-1.11111,2.67877
72.7846,1.46066,12.8262,8.66987,-1.2341,3.00386
72.8709,1.44767,12.8581,8.58651,-1.36668,3.36687
72.9563,1.4333,12.8937,8.48309,-1.5079,3.77153
73.0405,1.41749,12.9336,8.35534,-1.65595,4.22162
73.1233,1.40017,12.9783,8.19844,-1.80782,4.72072
73.2043,1.38133,13.0282,8.00714,-1.95891,5.27196
73.2833,1.36101,13.0839,7.77605,-2.10266,5.87752
73.3597,1.33933,13.146,7.50021,-2.23008,6.5379
73.4331,1.31651,13.2149,7.176,-2.32946,7.2509
73.5031,1.29288,13.2911,6.80242,-2.38641,8.01026
73.569,1.26897,13.3752,6.38296,-2.38436,8.80393
73.6306,1.24545,13.4673,5.92765,-2.30592,9.61212
73.6875,1.22316,13.5674,5.45506,-2.13527,10.4058
73.7397,1.20309,13.6752,4.99329,-1.86158,11.1461
73.7875,1.18628,13.79,4.57892,-1.48298,11.7862
73.8316,1.17375,13.9104,4.2527,-1.01003,12.2765
73.873,1.16632,14.0349,4.05218,-0.467012,12.5726
73.9132,1.16452,14.1611,4.00289,0.110046,12.6449
73.9536,1.16849,14.287,4.1114,0.678987,12.4856
73.9959,1.17794,14.4101,4.3634,1.19914,12.1114
74.0412,1.1922,14.5286,4.72781,1.63846,11.5586
74.0907,1.21037,14.6409,5.16484,1.97781,10.8746
74.1446,1.23141,14.7458,5.63462,2.21166,10.109
74.2033,1.25427,14.8429,6.10345,2.34573,9.30575
74.2666,1.27803,14.9319,6.54686,2.39321,8.50017
74.3341,1.3019,15.013,6.9497,2.37085,7.71765
74.4055,1.32527,15.0864,7.3047,2.29597,6.97479
74.4801,1.3477,15.1527,7.61028,2.18441,6.28126
74.5575,1.36889,15.2122,7.86864,2.04958,5.64157
74.6373,1.38865,15.2657,8.08403,1.90213,5.05677
74.7191,1.40691,15.3135,8.26165,1.75008,4.52561
74.8024,1.42366,15.3564,8.40691,1.59922,4.0455
74.8871,1.43891,15.3946,8.5249,1.45347,3.61307
74.9729,1.45275,15.4288,8.62025,1.31536,3.22464
75.0595,1.46525,15.4592,8.69699,1.18633,2.87644
75.1467,1.47651,15.4864,8.75856,1.06709,2.56478
75.2346,1.48663,15.5106,8.80782,0.957788,2.28616
75.3229,1.4957,15.5322,8.84717,0.85823,2.0373
75.4115,1.50382,15.5515,8.87854,0.767988,1.81518
75.5004,1.51109,15.5686,8.90353,0.686504,1.61703
75.5896,1.51758,15.5839,8.92341,0.613146,1.44035
75.6789,1.52338,15.5975,8.93921,0.547258,1.28286
75.7683,1.52855,15.6096,8.95177,0.488188,1.14251
75.8579,1.53316,15.6204,8.96174,0.435306,1.01747
75.9476,1.53727,15.63,8.96966,0.388018,0.906083
76.0373,1.54094,15.6386,8.97594,0.345769,0.806874
76.1271,1.5442,15.6462,8.98092,0.308049,0.718522
76.2169,1.54711,15.653,8.98488,0.274391,0.639847
76.3068,1.5497,15.659,8.98801,0.244369,0.569796
76.3967,1.55201,15.6644,8.9905,0.2176,0.507428
76.4866,1.55406,15.6692,8.99247,0.193736,0.451907
76.5765,1.55589,15.6734,8.99403,0.172465,0.402485
76.6665,1.55752,15.6772,8.99527,0.153508,0.358497
76.7564,1.55897,15.6806,8.99625,0.136613,0.319349
76.8464,1.56026,15.6836,8.99703,0.121556,0.284515
76.9364,1.56141,15.6863,8.99765,0.108137,0.253523
77.0263,1.56243,15.6887,8.99814,0.0961749,0.225957
77.1163,1.56333,15.6909,8.99853,0.0855102,0.201444
77.2063,1.56414,15.6928,8.99883,0.0759996,0.179653
77.2963,1.56486,15.6945,8.99908,0.067515,0.160289
77.3863,1.56549,15.696,8.99927,0.0599424,0.143092
77.4763,1.56606,15.6973,8.99942,0.0531796,0.127829
77.5663,1.56656,15.6985,8.99954,0.0471355,0.114293
77.6563,1.567,15.6996,8.99964,0.0417284,0.102303
77.7463,1.5674,15.7006,8.99972,0.0368855,0.0916953
77.8363,1.56774,15.7015,8.99978,0.0325412,0.0823275
77.9263,1.56805,15.7022,8.99983,0.0286369,0.0740728
78.0163,1.56832,15.7029,8.99986,0.0251198,0.0668197
78.1063,1.56855,15.7036,8.99989,0.0219423,0.0604702
78.1963,1.56876,15.7042,8.99992,0.0190615,0.0549386
78.2863,1.56893,15.7047,8.99994,0.0164384,0.05015
78.3763,1.56909,15.7052,8.99995,0.0140375,0.0460398
78.4663,1.56922,15.7056,8.99996,0.0118263,0.0425523
78.5563,1.56932,15.706,8.99997,0.00977495,0.0396406
78.6463,1.56941,15.7064,8.99998,0.00785555,0.0372652
78.7363,1.56948,15.7068,8.99998,0.00604217,0.0353941
78.8263,1.56953,15.7071,8.99999,0.00431024,0.0340018
78.9163,1.56957,15.7074,8.99999,0.00263632,0.0330696
79.0063,1.56959,15.7078,8.99999,0.000997731,0.0325849
79.0963,1.56959,15.7081,8.99999,-0.000627716,0.032541
79.1863,1.56957,15.7084,8.99999,-0.00226203,0.0329373
79.2763,1.56954,15.7088,8.99999,-0.00392733,0.0337793
79.3663,1.56949,15.7091,8.99998,-0.00564617,0.0350781
79.4563,1.56943,15.7095,8.99998,-0.0074418,0.0368514
79.5463,1.56935,15.7098,8.99997,-0.00933853,0.039123
79.6363,1.56924,15.7102,8.99996,-0.011362,0.0419236
79.7263,1.56912,15.7107,8.99995,-0.0135396,0.0452909
79.8163,1.56897,15.7111,8.99994,-0.0159007,0.0492706
79.9063,1.5688,15.7117,8.99992,-0.0184773,0.0539162
79.9962,1.5686,15.7122,8.9999,-0.0213041,0.0592905
80.0862,1.56837,15.7128,8.99987,-0.0244195,0.0654661
80.1762,1.56811,15.7135,8.99983,-0.0278654,0.0725263
80.2662,1.56781,15.7143,8.99979,-0.0316883,0.0805667
80.3562,1.56748,15.7152,8.99973,-0.03594,0.0896957
80.4462,1.56709,15.7161,8.99966,-0.0406778,0.100037
80.5362,1.56666,15.7172,8.99957,-0.0459657,0.111729
80.6262,1.56617,15.7183,8.99945,-0.0518749,0.124931
80.7162,1.56562,15.7197,8.9993,-0.0584851,0.139822
80.8062,1.565,15.7211,8.99912,-0.0658855,0.156601
80.8962,1.5643,15.7228,8.99889,-0.0741757,0.175496
80.9862,1.56351,15.7247,8.9986,-0.0834673,0.196762
81.0762,1.56263,15.7267,8.99823,-0.0938852,0.220685
81.1662,1.56163,15.7291,8.99776,-0.105569,0.247591
81.2561,1.56051,15.7317,8.99717,-0.118676,0.27784
81.3461,1.55925,15.7347,8.99643,-0.133381,0.311842
81.4361,1.55784,15.738,8.99549,-0.149881,0.350055
81.526,1.55625,15.7417,8.99431,-0.168395,0.392995
81.6159,1.55446,15.7458,8.99282,-0.189167,0.44124
81.7059,1.55246,15.7505,8.99094,-0.212473,0.495441
81.7958,1.5502,15.7558,8.98857,-0.238616,0.556326
81.8856,1.54767,15.7617,8.98558,-0.267937,0.624713
81.9755,1.54483,15.7683,8.98181,-0.300812,0.701521
82.0653,1.54164,15.7757,8.97706,-0.337656,0.787779
82.155,1.53806,15.7841,8.97107,-0.378929,0.884639
82.2447,1.53405,15.7935,8.96353,-0.425132,0.993392
82.3343,1.52954,15.804,8.95402,-0.476811,1.11548
82.4238,1.52449,15.8158,8.94205,-0.534552,1.25252
82.5131,1.51883,15.8291,8.92698,-0.598978,1.40631
82.6023,1.51249,15.844,8.90802,-0.670738,1.57884
82.6912,1.50539,15.8607,8.88418,-0.750489,1.77235
82.7799,1.49745,15.8795,8.85425,-0.838871,1.9893
82.8683,1.48858,15.9006,8.81669,-0.936462,2.2324
82.9562,1.47869,15.9243,8.76965,-1.04372,2.50461
83.0437,1.46767,15.9508,8.71085,-1.16091,2.80916
83.1304,1.45544,15.9806,8.6375,-1.28795,3.14951
83.2164,1.44188,16.0139,8.54631,-1.42427,3.52933
83.3013,1.42692,16.0513,8.43335,-1.5686,3.95236
83.3849,1.41049,16.0931,8.29414,-1.71868,4.42233
83.467,1.39254,16.1399,8.12364,-1.87089,4.9427
83.5473,1.37308,16.1922,7.91649,-2.01987,5.51627
83.6252,1.35218,16.2504,7.6674,-2.15809,6.14461
83.7005,1.32999,16.3153,7.37184,-2.27546,6.82726
83.7725,1.30678,16.3872,7.02708,-2.35914,7.56052
83.8409,1.28297,16.4666,6.63374,-2.39374,8.33596
83.905,1.25913,16.554,6.19776,-2.36211,9.13855
83.9647,1.23601,16.6494,5.73249,-2.24718,9.94481
84.0197,1.21451,16.7528,5.26043,-2.03471,10.7216
84.07,1.19567,16.8636,4.8135,-1.71712,11.4264
84.1162,1.18051,16.9809,4.4307,-1.29734,12.0104
84.159,1.17001,17.1032,4.15252,-0.791646,12.425
84.1997,1.16487,17.2287,4.01255,-0.229641,12.6307
84.2397,1.16547,17.3551,4.02908,0.349265,12.6065
84.2808,1.17177,17.4801,4.19991,0.902569,12.3549
84.3242,1.18331,17.6015,4.50297,1.39243,11.9014
84.3711,1.19931,17.7176,4.9025,1.79183,11.2881
84.4224,1.2188,17.8269,5.35769,2.08741,10.5645
84.4784,1.24071,17.9286,5.83067,2.2787,9.77837
84.539,1.26406,18.0224,6.29138,2.37499,8.97047
84.6041,1.28795,18.1081,6.71932,2.39141,8.17191
84.6732,1.31167,18.1859,7.10284,2.34523,7.40425
84.746,1.3347,18.2563,7.43729,2.25335,6.68099
84.8218,1.35664,18.3197,7.72289,2.13068,6.00946
84.9003,1.37725,18.3767,7.96284,1.98949,5.39255
84.9809,1.3964,18.4278,8.16192,1.83929,4.83023
85.0634,1.41403,18.4735,8.32548,1.68715,4.3206
